Workbook

Sheet Daftar Nilai
B4: KELAS | C4: NO | D4: NIS | E4: NAMA SISWA
A6: 1 | B6: X TKP 1 | C6: 1 | D6: 12075 | E6: ADINDA DEVI APRIDA
A7: 2 | B7: X TKP 1 | C7: 2 | D7: 12076 | E7: AGHIESKA ZESHA AURELLIA
A8: 3 | B8: X TKP 1 | C8: 3 | D8: 12077 | E8: ALIF RIZKY ARIANTONO
A9: 4 | B9: X TKP 1 | C9: 4 | D9: 12078 | E9: ALIFAH NIKHMATUL KHASANAH
A10: 5 | B10: X TKP 1 | C10: 5 | D10: 12079 | E10: ANDINI PUTRI SOFIYANTI
A11: 6 | B11: X TKP 1 | C11: 6 | D11: 12080 | E11: ANGGIVA ANGGRAENY
A12: 7 | B12: X TKP 1 | C12: 7 | D12: 12081 | E12: ANNISA NUR NAIFAH
A13: 8 | B13: X TKP 1 | C13: 8 | D13: 12082 | E13: ARRENDRA AZIZTYA CHAIRUDDIN
A14: 9 | B14: X TKP 1 | C14: 9 | D14: 12083 | E14: AS SYIFA MUTIARA KHOIRUN NISA
A15: 10 | B15: X TKP 1 | C15: 10 | D15: 12084 | E15: ASIH MIFTAHUL ZAHRA
A16: 11 | B16: X TKP 1 | C16: 11 | D16: 12085 | E16: AURELLYA KENTZARDY
A17: 12 | B17: X TKP 1 | C17: 12 | D17: 12086 | E17: AZKA ALMAIRA ZALFA
... A641: 636 | B641: X TKJ 2 | C641: 36 | D641: 12719 | E641: YUANITA DWIE LESTARI

Sheet Wali Kelas
A1: KLS | B1: NO | C1: NIS | D1: NAMA | E1: S | F1: I | G1: A | H1: Catatan Wali Kelas
A2: ='Daftar Nilai'!B6 -> X TKP 1 | B2: ='Daftar Nilai'!C6 -> 1 | C2: ='Daftar Nilai'!D6 -> 12075 | D2: ='Daftar Nilai'!E6 -> ADINDA DEVI APRIDA | E2: - | F2: - | G2: - | H2: -
A3: ='Daftar Nilai'!B7 -> X TKP 1 | B3: ='Daftar Nilai'!C7 -> 2 | C3: ='Daftar Nilai'!D7 -> 12076 | D3: ='Daftar Nilai'!E7 -> AGHIESKA ZESHA AURELLIA | E3: - | F3: - | G3: - | H3: -
A4: ='Daftar Nilai'!B8 -> X TKP 1 | B4: ='Daftar Nilai'!C8 -> 3 | C4: ='Daftar Nilai'!D8 -> 12077 | D4: ='Daftar Nilai'!E8 -> ALIF RIZKY ARIANTONO | E4: - | F4: - | G4: - | H4: -
A5: ='Daftar Nilai'!B9 -> X TKP 1 | B5: ='Daftar Nilai'!C9 -> 4 | C5: ='Daftar Nilai'!D9 -> 12078 | D5: ='Daftar Nilai'!E9 -> ALIFAH NIKHMATUL KHASANAH | E5: - | F5: - | G5: - | H5: -
A6: ='Daftar Nilai'!B10 -> X TKP 1 | B6: ='Daftar Nilai'!C10 -> 5 | C6: ='Daftar Nilai'!D10 -> 12079 | D6: ='Daftar Nilai'!E10 -> ANDINI PUTRI SOFIYANTI | E6: - | F6: - | G6: - | H6: -
A7: ='Daftar Nilai'!B11 -> X TKP 1 | B7: ='Daftar Nilai'!C11 -> 6 | C7: ='Daftar Nilai'!D11 -> 12080 | D7: ='Daftar Nilai'!E11 -> ANGGIVA ANGGRAENY | E7: - | F7: - | G7: - | H7: -
A8: ='Daftar Nilai'!B12 -> X TKP 1 | B8: ='Daftar Nilai'!C12 -> 7 | C8: ='Daftar Nilai'!D12 -> 12081 | D8: ='Daftar Nilai'!E12 -> ANNISA NUR NAIFAH | E8: - | F8: - | G8: - | H8: -
A9: ='Daftar Nilai'!B13 -> X TKP 1 | B9: ='Daftar Nilai'!C13 -> 8 | C9: ='Daftar Nilai'!D13 -> 12082 | D9: ='Daftar Nilai'!E13 -> ARRENDRA AZIZTYA CHAIRUDDIN | E9: - | F9: - | G9: - | H9: -
A10: ='Daftar Nilai'!B14 -> X TKP 1 | B10: ='Daftar Nilai'!C14 -> 9 | C10: ='Daftar Nilai'!D14 -> 12083 | D10: ='Daftar Nilai'!E14 -> AS SYIFA MUTIARA KHOIRUN NISA | E10: - | F10: - | G10: - | H10: -
A11: ='Daftar Nilai'!B15 -> X TKP 1 | B11: ='Daftar Nilai'!C15 -> 10 | C11: ='Daftar Nilai'!D15 -> 12084 | D11: ='Daftar Nilai'!E15 -> ASIH MIFTAHUL ZAHRA | E11: - | F11: - | G11: - | H11: -
A12: ='Daftar Nilai'!B16 -> X TKP 1 | B12: ='Daftar Nilai'!C16 -> 11 | C12: ='Daftar Nilai'!D16 -> 12085 | D12: ='Daftar Nilai'!E16 -> AURELLYA KENTZARDY | E12: - | F12: - | G12: - | H12: -
A13: ='Daftar Nilai'!B17 -> X TKP 1 | B13: ='Daftar Nilai'!C17 -> 12 | C13: ='Daftar Nilai'!D17 -> 12086 | D13: ='Daftar Nilai'!E17 -> AZKA ALMAIRA ZALFA | E13: - | F13: - | G13: - | H13: -
... A633: ='Daftar Nilai'!B637 -> X TKJ 2 | B633: ='Daftar Nilai'!C637 -> 32 | C633: ='Daftar Nilai'!D637 -> 12715 | D633: ='Daftar Nilai'!E637 -> WAHYU PUTRA PERKASA | E633: - | F633: - | G633: - | H633: -
